키워드,검색량(PC),검색량(모바일),검색량(합계),경쟁강도,카테고리,검색의도
발톱무좀약,3280,24200,27480,높음,제품/구매,구매
발톱무좀,2680,21500,24180,높음,기타,정보탐색
내성발톱,1920,16700,18620,높음,기타,정보탐색
무좀약,1830,12900,14730,높음,제품/구매,구매
무좀,1370,12500,13870,높음,기타,정보탐색
내성발톱교정기,1200,10500,11700,높음,치료법,정보탐색
무좀증상,610,9100,9710,높음,증상/자가진단,자가진단
내성발톱병원,720,8840,9560,높음,병원/치료,병원방문
피부곰팡이균,690,7680,8370,높음,기타,정보탐색
발톱검은색,260,7090,7350,높음,증상/자가진단,자가진단
무좀연고,710,5700,6410,높음,제품/구매,구매
무좀치료,570,5670,6240,높음,치료법,치료정보
내성발톱치료,390,5190,5580,높음,치료법,치료정보
발톱무좀치료방법,590,4770,5360,높음,치료법,치료정보
손톱무좀,580,4650,5230,높음,기타,정보탐색
발바닥무좀,460,4490,4950,높음,기타,정보탐색
발톱무좀병원,400,4540,4940,높음,병원/치료,병원방문
발톱세로줄,180,4580,4760,높음,증상/자가진단,정보탐색
무좀약추천,590,3710,4300,중간,제품/구매,구매
내성발톱자가치료,390,3630,4020,높음,치료법,치료정보
무좀병원,360,3290,3650,높음,병원/치료,병원방문
며느리발톱,390,3120,3510,높음,기타,정보탐색
무좀스프레이,470,2920,3390,높음,제품/구매,구매
발톱흑색종,160,3140,3300,높음,증상/자가진단,정보탐색
발톱멍,210,2940,3150,높음,증상/자가진단,정보탐색
발톱들렸을때,130,2900,3030,높음,기타,정보탐색
발가락무좀,260,2680,2940,높음,기타,정보탐색
발톱,430,2420,2850,높음,기타,정보탐색
내성발톱교정,280,2330,2610,높음,치료법,정보탐색
각화형무좀,320,2280,2600,높음,기타,정보탐색
엄지발톱멍,140,2140,2280,높음,증상/자가진단,정보탐색
발톱병원,170,1870,2040,높음,병원/치료,병원방문
문제성발톱,280,1740,2020,높음,기타,정보탐색
엄지발톱통증,120,1860,1980,높음,기타,정보탐색
발무좀,180,1780,1960,높음,기타,정보탐색
발톱무좀레이저,380,1570,1950,높음,병원/치료,정보탐색
손무좀,230,1680,1910,높음,기타,정보탐색
발톱무좀연고,220,1660,1880,높음,제품/구매,구매
발톱피멍,150,1610,1760,중간,증상/자가진단,정보탐색
내성발톱수술,240,1480,1720,높음,기타,정보탐색
발톱무좀치료,300,1410,1710,높음,치료법,치료정보
내성발톱밴드,160,1450,1610,높음,기타,정보탐색
발톱무좀약추천,340,1210,1550,높음,제품/구매,구매
발톱염증,110,1430,1540,높음,기타,정보탐색
무좀피부과,180,1330,1510,높음,병원/치료,병원방문
무좀발톱,200,1290,1490,높음,기타,정보탐색
발톱관리,140,1250,1390,높음,기타,정보탐색
발톱검은줄,90,1300,1390,높음,기타,자가진단
발톱연화제,170,1120,1290,높음,기타,정보탐색
손톱무좀약,150,1110,1260,높음,제품/구매,구매
발가락사이무좀,90,1150,1240,높음,기타,정보탐색
발톱빠짐,90,1150,1240,높음,기타,정보탐색
발무좀증상,70,1160,1230,높음,증상/자가진단,자가진단
손발톱무좀약,190,950,1140,높음,제품/구매,구매
바르는무좀약,200,940,1140,중간,제품/구매,구매
발톱두꺼워짐,100,1030,1130,높음,증상/자가진단,정보탐색
무좀치료병원,100,1020,1120,높음,병원/치료,병원방문
문제성발톱케어,100,1010,1110,높음,기타,정보탐색
발뒤꿈치무좀,90,1010,1100,높음,기타,정보탐색
발톱영양제,120,940,1060,높음,기타,정보탐색
내성발톱치료병원,70,980,1050,높음,병원/치료,병원방문
손톱곰팡이,120,920,1040,높음,기타,정보탐색
발톱갈라짐,70,940,1010,높음,증상/자가진단,정보탐색
발톱조갑박리증,60,880,940,높음,기타,정보탐색
무좀원인,80,840,920,높음,예방/원인,정보탐색
손발톱영양제,130,760,890,높음,기타,정보탐색
발무좀연고,60,820,880,높음,제품/구매,구매
발톱무좀치료병원,110,750,860,높음,병원/치료,병원방문
발톱무좀레이저비용,90,730,820,높음,병원/치료,병원방문
엄지발톱무좀,80,720,800,높음,기타,정보탐색
발각질무좀,70,720,790,높음,기타,정보탐색
새끼발톱무좀,80,710,790,높음,기타,정보탐색
내성발톱깍이,90,700,790,높음,기타,정보탐색
발톱무좀피부과,120,660,780,높음,병원/치료,병원방문
내향성발톱,160,610,770,높음,기타,정보탐색
발톱색깔,30,730,760,높음,기타,정보탐색
내성발톱고름,50,710,760,높음,기타,정보탐색
발톱그라인더,130,630,760,높음,기타,정보탐색
발톱교정,70,660,730,높음,치료법,정보탐색
무좀균,120,580,700,높음,기타,정보탐색
발톱곰팡이,60,610,670,높음,기타,정보탐색
여자발톱무좀,60,600,660,높음,기타,정보탐색
대구내성발톱,140,510,650,높음,기타,정보탐색
내성발톱테이프,100,540,640,높음,기타,정보탐색
발바닥각질무좀,90,540,630,높음,기타,정보탐색
발톱무좀치료제,110,510,620,높음,치료법,치료정보
무좀연고추천,80,530,610,높음,제품/구매,구매
사타구니무좀,40,570,610,높음,기타,정보탐색
발톱변색,20,560,580,중간,증상/자가진단,자가진단
발톱케어,50,520,570,높음,기타,정보탐색
발톱무좀관리,50,510,560,높음,기타,정보탐색
발톱관리샵,40,520,560,높음,기타,정보탐색
두꺼운발톱깍기,60,490,550,높음,증상/자가진단,정보탐색
무좀레이저,160,380,540,높음,병원/치료,정보탐색
내성발톱초기,40,500,540,높음,증상/자가진단,자가진단
발바닥무좀치료,50,480,530,높음,치료법,치료정보
파고드는발톱,40,480,520,높음,기타,정보탐색
발톱레이저,100,410,510,높음,병원/치료,정보탐색
무좀발톱케어,40,470,510,높음,기타,정보탐색
발톱스케일링,70,440,510,높음,기타,정보탐색
발바닥무좀연고,50,460,510,높음,제품/구매,구매
두꺼운발톱,50,450,500,높음,증상/자가진단,정보탐색
내성발톱원인,40,460,500,높음,예방/원인,정보탐색
문제성발톱병원,40,460,500,높음,병원/치료,병원방문
내성발톱네일샵,30,460,490,높음,기타,정보탐색
발톱들렸을때병원,40,450,490,높음,병원/치료,병원방문
피부과무좀,50,430,480,높음,병원/치료,병원방문
발톱치료,50,420,470,높음,치료법,치료정보
광주내성발톱,100,370,470,높음,기타,정보탐색
김포내성발톱,40,430,470,높음,기타,정보탐색
발톱깍기,100,360,460,높음,기타,정보탐색
내성발톱정형외과,70,390,460,높음,기타,정보탐색
대구내성발톱병원,50,400,450,높음,병원/치료,병원방문
발톱고름,30,420,450,높음,기타,정보탐색
며느리발톱제거,50,400,450,높음,기타,정보탐색
내성발톱관리,60,380,440,높음,기타,정보탐색
무좀발톱치료,70,370,440,높음,치료법,치료정보
손톱무좀병원,50,380,430,높음,병원/치료,병원방문
발톱들림,40,390,430,높음,기타,정보탐색
무좀관리,40,390,430,높음,기타,정보탐색
발무좀병원,40,380,420,높음,병원/치료,병원방문
잠실내성발톱,20,400,420,중간,기타,정보탐색
무좀크림,50,360,410,높음,기타,정보탐색
발톱무좀원인,40,370,410,높음,예방/원인,정보탐색
내성발톱피부과,50,360,410,높음,병원/치료,병원방문
발톱무좀초기,50,360,410,높음,증상/자가진단,자가진단
손톱무좀치료,90,310,400,높음,치료법,치료정보
내성발톱치료비용,30,370,400,높음,병원/치료,병원방문
수원내성발톱,80,310,390,높음,기타,정보탐색
발등무좀,40,340,380,높음,기타,정보탐색
내성발톱니퍼,70,300,370,높음,기타,정보탐색
발톱니퍼,90,280,370,높음,기타,정보탐색
손발톱무좀,80,280,360,높음,기타,정보탐색
대구발톱무좀,50,310,360,높음,기타,정보탐색
부산내성발톱병원,50,310,360,높음,병원/치료,병원방문
발톱가는기계,50,310,360,중간,기타,정보탐색
발톱변형,20,330,350,높음,기타,정보탐색
인천발톱무좀병원,30,310,340,높음,병원/치료,병원방문
부산내성발톱,60,280,340,높음,기타,정보탐색
대구발톱무좀병원,40,280,320,높음,병원/치료,병원방문
내성발톱약,40,280,320,높음,제품/구매,구매
내성발톱교정비용,30,290,320,높음,병원/치료,병원방문
엄지발톱,50,260,310,높음,기타,정보탐색
발톱곰팡이균,30,270,300,중간,기타,정보탐색
발톱드릴,50,250,300,높음,기타,정보탐색
발톱무좀스프레이,40,250,290,높음,제품/구매,구매
인천발톱무좀,90,200,290,높음,기타,정보탐색
손톱곰팡이균,30,260,290,높음,기타,정보탐색
평택내성발톱,50,240,290,높음,기타,정보탐색
내성발톱와이어,30,240,270,높음,기타,정보탐색
발톱이안자라요,20,250,270,높음,기타,정보탐색
부산발톱무좀,20,240,260,높음,기타,정보탐색
발무좀스프레이,30,230,260,높음,제품/구매,구매
대구무좀병원,30,220,250,높음,병원/치료,병원방문
뒤꿈치무좀,40,210,250,중간,기타,정보탐색
발톱무좀앰플,50,190,240,높음,제품/구매,정보탐색
청주내성발톱,60,180,240,중간,기타,정보탐색
발톱교정기,50,190,240,높음,치료법,정보탐색
발톱무좀주블리아,50,170,220,높음,기타,정보탐색
발가락무좀연고,30,190,220,높음,제품/구매,구매
김포무좀,10,210,220,높음,기타,정보탐색
수원발톱무좀,110,100,210,높음,기타,정보탐색
연신내내성발톱,60,150,210,중간,기타,정보탐색
마곡내성발톱,20,190,210,높음,기타,정보탐색
발톱무좀레이저치료,70,130,200,높음,병원/치료,치료정보
무좀레이저치료,20,170,190,높음,병원/치료,치료정보
검은발톱,10,180,190,중간,기타,자가진단
두꺼워진발톱,10,180,190,높음,증상/자가진단,정보탐색
발톱무좀레이저효과,20,170,190,중간,병원/치료,정보탐색
발톱이아파요,10,180,190,중간,기타,정보탐색
이중발톱,10,180,190,중간,기타,정보탐색
은평구내성발톱,70,120,190,중간,기타,정보탐색
무좀각질,20,170,190,높음,기타,정보탐색
발톱무좀케어,30,150,180,높음,기타,정보탐색
무좀없애는법,10,170,180,높음,기타,정보탐색
인천무좀병원,20,160,180,높음,병원/치료,병원방문
무좀가려움,10,170,180,높음,기타,정보탐색
각질무좀,40,140,180,높음,기타,정보탐색
안양내성발톱,50,130,180,중간,기타,정보탐색
인천내성발톱병원,30,150,180,높음,병원/치료,병원방문
수원발톱무좀병원,30,140,170,높음,병원/치료,병원방문
내성발톱무좀,40,130,170,높음,기타,정보탐색
일산발톱무좀,50,120,170,높음,기타,정보탐색
발톱무좀스케일링,30,140,170,높음,기타,정보탐색
내성발톱케어,20,150,170,높음,기타,정보탐색
케라셀네일발톱무좀,10,160,170,중간,기타,정보탐색
대구무좀피부과,20,140,160,높음,병원/치료,병원방문
내성발톱증상,20,140,160,높음,증상/자가진단,자가진단
일산내성발톱,50,110,160,높음,기타,정보탐색
발바닥무좀각질,10,150,160,높음,기타,정보탐색
내성발톱샵,5,150,155,높음,기타,정보탐색
발톱무좀균,20,130,150,높음,기타,정보탐색
제주내성발톱,20,130,150,중간,기타,정보탐색
내성발톱젤,10,140,150,높음,기타,정보탐색
청주발톱무좀,50,100,150,높음,기타,정보탐색
발톱갈이,10,140,150,높음,기타,정보탐색
부천내성발톱병원,10,130,140,높음,병원/치료,병원방문
엄지손톱무좀,10,130,140,높음,기타,정보탐색
발바닥무좀병원,10,130,140,중간,병원/치료,병원방문
내성발톱셀프,10,130,140,중간,기타,정보탐색
문제성발톱교육,30,110,140,높음,기타,정보탐색
부천내성발톱,30,110,140,높음,기타,정보탐색
울산무좀병원,5,130,135,중간,병원/치료,병원방문
발톱무좀네일,10,120,130,높음,기타,정보탐색
발톱무좀레이저기계,20,110,130,높음,병원/치료,정보탐색
발톱갈기,10,120,130,높음,기타,정보탐색
평택발톱무좀,20,110,130,높음,기타,정보탐색
내향성발톱병원,10,120,130,높음,병원/치료,병원방문
무좀통증,5,120,125,높음,기타,정보탐색
분당내성발톱,50,70,120,중간,기타,정보탐색
울산발톱무좀,30,90,120,높음,기타,정보탐색
내성발톱아크릴,10,110,120,높음,기타,정보탐색
서면내성발톱,20,100,120,높음,기타,정보탐색
내성발톱제거,20,100,120,높음,기타,정보탐색
누런발톱,5,110,115,높음,기타,정보탐색
멍든발톱,5,110,115,높음,증상/자가진단,정보탐색
내성발톱칼,5,110,115,높음,기타,정보탐색
강남무좀병원,10,100,110,중간,병원/치료,병원방문
내성발톱치실,10,100,110,높음,기타,정보탐색
발톱정리,20,90,110,높음,기타,정보탐색
발톱손질도구,10,100,110,중간,기타,정보탐색
강남내성발톱,40,70,110,높음,기타,정보탐색
무좀발톱관리,20,80,100,높음,기타,정보탐색
인천발톱무좀치료,10,90,100,높음,치료법,치료정보
대구문제성발톱,10,90,100,높음,기타,정보탐색
일산무좀병원,10,90,100,중간,병원/치료,병원방문
무좀발톱스케일링,10,90,100,높음,기타,정보탐색
울산발톱무좀병원,10,90,100,높음,병원/치료,병원방문
발습진무좀,20,80,100,높음,기타,정보탐색
내성발톱수술병원,10,90,100,높음,병원/치료,병원방문
발톱무좀수술,10,80,90,높음,기타,정보탐색
청라발톱무좀,10,80,90,높음,기타,정보탐색
구미발톱무좀,20,70,90,높음,기타,정보탐색
대구무좀,20,70,90,높음,기타,정보탐색
서면발톱무좀,10,80,90,높음,기타,정보탐색
마곡발톱무좀,10,80,90,높음,기타,정보탐색
썩은발톱,10,80,90,높음,기타,정보탐색
오산내성발톱,10,80,90,중간,기타,정보탐색
수포무좀,10,80,90,높음,기타,정보탐색
평택무좀,20,70,90,높음,기타,정보탐색
부평발톱무좀,20,70,90,높음,기타,정보탐색
내성발톱깎기,10,80,90,높음,기타,정보탐색
내성발톱도구,10,80,90,높음,기타,정보탐색
손톱곰팡이약,10,70,80,높음,제품/구매,구매
발톱야스리,20,60,80,높음,기타,정보탐색
부천발톱무좀,10,70,80,높음,기타,정보탐색
발톱연마기,20,60,80,높음,기타,정보탐색
발톱균,5,70,75,높음,기타,정보탐색
초등학생내성발톱,5,70,75,높음,기타,정보탐색
무좀발톱깍기,5,70,75,높음,기타,정보탐색
문제성손발톱,20,50,70,높음,기타,정보탐색
손톱무좀피부과,20,50,70,높음,병원/치료,병원방문
손톱무좀레이저,10,60,70,높음,병원/치료,정보탐색
강남발톱무좀,60,10,70,높음,기타,정보탐색
성남내성발톱,10,60,70,중간,기타,정보탐색
분당발톱무좀,40,30,70,높음,기타,정보탐색
대구무좀발톱,10,60,70,높음,기타,정보탐색
손발톱케어,10,60,70,높음,기타,정보탐색
대구발톱관리,10,60,70,높음,기타,정보탐색
강서구내성발톱,40,30,70,높음,기타,정보탐색
무좀각질제거,10,60,70,높음,기타,정보탐색
발톱손질,10,60,70,높음,기타,정보탐색
구리내성발톱,30,40,70,높음,기타,정보탐색
발톱관리도구,10,60,70,높음,기타,정보탐색
수원무좀치료,5,60,65,높음,치료법,치료정보
인천무좀피부과,5,60,65,높음,병원/치료,병원방문
청라내성발톱,5,60,65,높음,기타,정보탐색
발톱세균,5,60,65,높음,기타,정보탐색
부산내성발톱교정,5,60,65,높음,치료법,정보탐색
손발톱연화제,5,60,65,높음,기타,정보탐색
발톱소독,10,50,60,높음,기타,정보탐색
내성발톱양말,10,50,60,높음,기타,정보탐색
내성발톱교정팁,10,50,60,높음,치료법,정보탐색
무좀발톱레이저,10,50,60,높음,병원/치료,정보탐색
내성발톱관리도구,10,50,60,높음,기타,정보탐색
오산발톱무좀,30,30,60,높음,기타,정보탐색
발톱치료제,5,50,55,높음,치료법,치료정보
성수내성발톱,5,50,55,중간,기타,정보탐색
발톱유연제,5,50,55,중간,기타,정보탐색
홍대내성발톱,5,50,55,높음,기타,정보탐색
손발톱그라인더,5,50,55,중간,기타,정보탐색
부평무좀,5,50,55,중간,기타,정보탐색
안양내성발톱병원,5,50,55,중간,병원/치료,병원방문
평택무좀발톱,5,50,55,높음,기타,정보탐색
운정내성발톱,5,50,55,중간,기타,정보탐색
손발톱레이저,10,40,50,높음,병원/치료,정보탐색
송도무좀,10,40,50,높음,기타,정보탐색
손톱발톱무좀,10,40,50,높음,기타,정보탐색
서울내성발톱,20,30,50,높음,기타,정보탐색
무좀습진약,10,40,50,높음,제품/구매,구매
파주발톱무좀,10,40,50,높음,기타,정보탐색
인천문제성발톱,20,30,50,높음,기타,정보탐색
레이저발톱무좀치료,5,40,45,높음,병원/치료,치료정보
강남역무좀,5,40,45,높음,기타,정보탐색
강남역발톱무좀,5,40,45,높음,기타,정보탐색
발톱강화제,5,40,45,높음,기타,정보탐색
문제성발톱치료,5,40,45,높음,치료법,치료정보
무좀샴푸,5,40,45,중간,기타,정보탐색
발톱자르기,5,40,45,중간,기타,정보탐색
발톱진균,5,40,45,높음,기타,정보탐색
제주발톱무좀,5,40,45,높음,기타,정보탐색
청주무좀,5,40,45,중간,기타,정보탐색
발톱파고듬,5,40,45,높음,기타,정보탐색
발톱무좀레이저치료비용,5,40,45,높음,병원/치료,병원방문
대구발톱병원,5,40,45,높음,병원/치료,병원방문
광주무좀,5,40,45,높음,기타,정보탐색
노인발톱,5,40,45,높음,기타,정보탐색
목동내성발톱,5,40,45,높음,기타,정보탐색
발톱무좀영양제,10,30,40,높음,기타,정보탐색
수원무좀,10,30,40,높음,기타,정보탐색
분당무좀,10,30,40,높음,기타,정보탐색
종로발톱무좀,30,10,40,높음,기타,정보탐색
강서발톱무좀,10,30,40,중간,기타,정보탐색
부산무좀,10,30,40,높음,기타,정보탐색
울산무좀,10,30,40,높음,기타,정보탐색
강서구발톱무좀,10,30,40,중간,기타,정보탐색
봉담내성발톱,10,30,40,중간,기타,정보탐색
